{
  "mode": "minmax",
  "y_min": [
    0.0,
    0.0
  ],
  "y_max": [
    320.0770568847656,
    231.7663116455078
  ]
}